{"cameraMode":{"drawMode":0,"name":"Shaded","section":"Shading Mode"},"sceneLighting":true,"audioPlay":false,"sceneViewState":{"m_AlwaysRefresh":false,"showFog":true,"showSkybox":true,"showFlares":true,"showImageEffects":true,"showParticleSystems":true,"showVisualEffectGraphs":true,"m_FxEnabled":true},"in2DMode":false,"pivot":{"x":50.008827209472659,"y":29.428375244140626,"z":10.324897766113282},"rotation":{"x":-0.10016568005084992,"y":-0.14484533667564393,"z":0.014702449552714825,"w":-0.9842921495437622},"size":34.92119216918945,"orthographic":false}